Currency,Value
NOK,1.51462
JPY,1.396755
GBP,0.797079
THB,962.086104
HKD,20.718411
EUR,0.85218
SGD,0.743629
USD,7.781017
ZAR,332.106162
ILS,3.31375
INR,88.768946
MXN,147.400398
NZD,1406.815988
SEK,18.404999
AUD,4.209053
PLN,9.960415
CZK,1.715792
CLP,3.627453
TWD,9.400702
TRY,1.289399
CHF,32.415568
MYR,41.691742
KRW,30.380367
HUF,1
CAD,17.258266
