Currency,Value
AUD,1.51462
BRL,5.732144
CAD,1.396755
CHF,0.797079
CLF,0.0264
CLP,962.086104
CNY,7.2875
COP,4312.5521
CZK,20.718411
DKK,6.36
EGP,48.1532
EUR,0.85218
GBP,0.743629
HKD,7.781017
HUF,332.106162
ILS,3.31375
INR,88.768946
JPY,147.400398
KRW,1406.815988
MXN,18.404999
MXV,2.35
MYR,4.209053
NOK,9.960415
NZD,1.715792
PLN,3.627453
SEK,9.400702
SGD,1.289399
THB,32.415568
TRY,41.691742
TWD,30.380367
USD,1
ZAR,17.258266
