Currency,Value
AUD,1.514792
INR,88.763975
JPY,147.64605
USD,1
NZD,1.71751
MXN,18.422645
HKD,7.781188
MYR,4.214567
THB,32.423759
SGD,1.289942
IDR,16581.67585
EUR,0.852976
TWD,30.375152
GBP,0.744018
NOK,9.979084
CZK,20.718047
CAD,1.396343
